REPLACE INTO `equipment_models` (`id`, `type_id`, `vendor_id`, `model_name`, `site`, `ports`, `manage_web`, `manage_ssh`, `snmp_tpl`, `comments`, `rows_count`, `block_size`, `port_numbering`, `first_position`, `ports_type`)
VALUES
  (101,1,2,'DES-3028','http://dlink.ru/ru/products/1/706_i.html',24,'','','','0',2,6,0,0,1),
  (102,1,2,'DES-3526','http://dlink.ru/ua/products/1/407.html',24,'','','','0',2,4,1,0,1),
  (103,1,2,'DES-1210-26','http://www.dlink.ru/ua/products/1/1844.html',24,'','','','0',2,4,1,0,1),
  (104,1,2,'DES-1228','http://www.dlink.ru/ru/products/1/643.html',24,'','','','0',2,4,1,0,1),
  (105,1,2,'DES-3528','http://www.dlink.ru/ua/products/1/1054.html',24,'','','','0',2,4,1,0,1),
  (106,1,2,'DES-3550','http://www.dlink.ru/ua/products/1/408.html',48,'','','','0',2,8,1,0,1),
  (107,1,2,'DES-3200-10-Gigabit','http://www.dlink.ru/ua/products/1/1277.html',8,'','','','0',2,4,1,0,1),
  (108,1,2,'DES-3200-10-SFP','http://www.dlink.ru/ua/products/1/1277.html',8,'','','','0',2,4,1,0,1),
  (109,1,2,'DES-3200-18','http://www.dlink.ru/ua/products/1/2063.html',16,'','','','0',2,4,1,0,1),
  (110,1,2,'DES-3200-26','http://www.dlink.ru/ua/products/1/1586.html',24,'','','','0',2,4,1,0,1),
  (111,1,2,'DES-3200-28','http://www.dlink.ru/ru/products/1/1587.html',24,'','','','0',2,4,1,0,1),
  (112,1,2,'ES3528','http://www.edge-core.com/ProdDtl.asp?sno=150&ES3528-WDM#',24,'','','edge_core.snmp','0',2,12,0,0,1),
  (113,1,5,'ES3526','http://www.edge-core.ru/ProdDtl.asp?sno=203&ES3526XA',24,'','','','0',2,6,1,0,1),
  (114,1,2,'DES-2108/E','http://www.dlink.ru/ua/products/1/731.html',8,'','','','0',1,8,0,0,1),
  (115,1,2,'DES-3010G','http://www.dlink.ru/ua/products/1/519.html',8,'','','','0',1,8,0,0,1),
  (116,1,2,'DES-3016','http://www.dlink.ru/ua/products/1/730.html',16,'','','','0',2,4,1,0,1),
  (117,1,2,'DES-3026','http://www.dlink.ru/ru/products/1/522_b.html',24,'','','','0',2,4,1,0,1),
  (118,1,2,'DES-3028G','http://dlink.ru/ru/products/1/1132.html',24,'','','','0',2,6,1,0,1),
  (119,1,2,'DES-3028P','http://dlink.ru/ru/products/1/873.html',24,'','','','0',2,6,1,0,1),
  (120,1,2,'DES-3028P','http://dlink.ru/ru/products/1/873.html',24,'','','','0',2,6,0,0,1),
  (121,1,2,'DES-3028P','http://dlink.ru/ru/products/1/873.html',24,'','','','0',2,6,0,0,1),
  (122,1,2,'DES-1210-28','http://www.dlink.ru/ua/products/1/1301.html',24,'','','','0',2,4,1,0,1),
  (123,1,2,'DES-1228/ME','http://www.dlink.ru/ua/products/1/1281.html',24,'','','','0',2,4,1,0,1),
  (124,1,2,'DGS-3120-24SC','http://www.dlink.ru/ua/products/1/1365.html',16,'','','','0',2,4,1,0,4),
  (125,1,9,'TL-SL2210','http://www.tp-link.com/kz/products/details/cat-40_TL-SL2210.html',8,'','','','0',1,8,0,0,1),
  (126,1,9,'TL-SL2218','http://www.tp-link.com/kz/products/details/cat-39_TL-SL2218.html',16,'','','','0',2,4,1,0,1),
  (127,3,2,'DGS-3000-26TC','http://www.dlink.ru/ua/products/1/2041.html',20,'','','','4',3,3,3,3,1),
  (128,1,2,'DGS-3100-24TG','http://www.dlink.ru/ua/products/1/808.html',16,'','','','2',3,3,3,3,1),
  (129,1,2,'DGS-3120-24SC/*EI','http://www.dlink.ru/ua/products/1/1920_i.html',24,'','','','4',2,2,0,0,1),
  (130,1,2,'DGS-3420-26SC','http://www.dlink.ru/ua/products/1/1467_i.html',24,'','','','4',4,4,0,0,1),
  (131,1,2,'DIR-100/F','http://www.dlink.ru/ua/products/5/1282_i.html',4,'','','','4',4,0,0,0,1),
  (132,1,5,'ES3510MA','http://www.edge-core.com/ProdDtl.asp?sno=344&ES3510MA',8,'','','edge_core.snmp','4',3,3,0,0,1),
  (133,1,3,'ES-2008 EE','http://zyxel.ua/es-2008-ee',8,'','','','',1,0,0,0,1),
  (134,3,3,'ES-2024A','http://zyxel.ua/es-2024a',24,'','','','',2,6,0,0,1),
  (135,1,3,'ES-2108','http://zyxel.ua/es-2108-series',8,'','','','',1,0,0,0,1),
  (136,3,3,'ES-2108-G','http://zyxel.ua/es-2108-g',8,'','','','',1,0,0,0,3),
  (137,3,3,'ES-3124','http://zyxel.ua/es-3124',24,'','','','',2,4,0,0,4),
  (138,3,3,'GS-3012F','http://zyxel.ua/gs-3012f-series',12,'','','','',1,0,0,0,4),
  (139,3,3,'IES-1248 EE','http://zyxel.ua/ies-1248-ee',2,'','','','',1,0,0,0,3),
  (140,3,3,'MES3500-24','http://zyxel.ua/mes3500-24',24,'','','','',2,4,0,0,1),
  (141,3,3,'MES-3528','http://zyxel.ua/mes-3528',24,'','','','',2,4,0,0,1),
  (142,3,3,'XGS-4728F','http://zyxel.ua/xgs-4728f',24,'','','','',1,8,0,0,4),
  (143,1,8,'5500-SI 28','',24,'','','','',2,6,0,0,1),
  (144,1,8,'5500-SI 52','',48,'','','','',2,8,0,0,1),
  (145,3,20,'Omni Switch 6602-48','',48,'','','','',2,6,0,0,1),
  (146,3,20,'Omniswitch 6800-48','',48,'','','','',2,6,0,0,1),
  (147,4,11,'OLT P3310','',6,'','','bdcom.snmp','',2,1,0,0,1),
  (148,1,2,'DES-3200-28F','http://www.dlink.ru/ua/products/1/1256.html',24,'','','','',2,4,0,0,4),
  (149,3,2,'DES-1228/ME','http://www.dlink.ru/ru/products/1/1281.html',24,'','','','',2,4,0,0,1),
  (150,3,2,'DES-3200-28','http://www.dlink.ru/ua/products/1/1587.html',24,'','','','',2,4,0,0,1),
  (151,3,2,'DGS-3120-24SC','http://www.dlink.ru/ua/products/1/1365.html',24,'','','','1',2,4,0,0,4),
  (152,3,2,'DGS-3420-28SC','http://www.dlink.ru/ua/products/1/1469.html',20,'','','','',2,4,0,0,4),
  (153,3,2,'DXS-3326GSR','http://www.dlink.ru/ru/products/1/405_b.html',20,'','','','',2,4,0,0,4),
  (154,1,1,'PowerConnect 5212','http://www.dell.com/support/home/us/en/19/product-support/product/powerconnect-5212/manuals',12,'','','','',2,6,0,0,3),
  (155,1,1,'PowerConnect 5212','http://www.dell.com/support/home/us/en/19/product-support/product/powerconnect-5212/manuals',12,'','','','',2,6,0,0,3),
  (156,3,10,'PowerConnect 3048','http://www.dell.com/support/home/us/en/19/product-support/product/powerconnect-enet-msw-48p-3048/manuals',48,'','','','',2,8,0,0,1),
  (157,1,10,'PowerConnect 6024','http://www.dell.com/support/home/us/en/19/product-support/product/powerconnect-6024/manuals',24,'','','','',2,6,0,0,3),(158,3,5,'ES3528M','http://www.edge-core.com/ProdDtl.asp?sno=355&ES3528M',24,'','','','',2,4,0,0,1),
  (159,3,5,'EdgeIron 2402CF','http://www.tech.proact.co.uk/foundry/foundry_edgeiron_2402cf_switch.htm',24,'','','','',2,6,0,0,1),
  (160,3,21,'ProCurve 2650','http://h18000.www1.hp.com/products/quickspecs/archives_North_America/11994_na_v1/11994_na.HTML',48,'','','','',2,8,0,0,1),
  (161,3,6,'RB2011UiAS-2HnD-IN','',10,'','','','',1,5,0,0,1),
  (162,3,4,'MX80','http://www.juniper.net/us/en/products-services/routing/mx-series/mx80/',0,'','','','',1,0,0,0,1),
  (163,3,7,'SE100','http://www.ericsson.com/ru/ourportfolio/products/se100?nav=productcategory004%7Cfgb_101_0192%7Cfgb_101_647',6,'','','','',2,1,0,0,4),
  (164,4,12,'C320','http://lanmarket.ua/zte/zte-zxa10-c320-2651/',16,'','','zte.snmp','',2,4,0,0,4),
  (165,4,13,'OLT LTE-8X','http://eltex.nsk.ru/catalog/lte-8x.php',20,'','','eltex.snmp','',2,4,1,0,4),
  (166,4,22,'MA5683','',24,'','','huawei.snmp','',2,4,0,0,4),
  (167,3,2,'DGS-1210-20/C1A','http://dlink.nettech.dn.ua/catalog/item/267/',16,'','','','',2,4,0,0,3),
  (168,3,2,'DGS-1210-20/ME','http://www.dlink.ru/ua/products/1/1981_b.html',16,'','','','',2,4,0,0,3),
  (169,3,2,'DGS-3120-48TC','http://www.dlink.ru/ua/products/1/2060_b.html',44,'','','','',2,8,0,0,3),
  (170,3,2,'DGS-3450','http://www.dlink.ru/ru/products/1/598.html',44,'','','','',2,8,0,0,3),
  (171,3,2,'DGS-3612G','http://dlink.ru/ru/products/1/649_b.html',12,'','','','',1,4,0,0,4),
  (172,3,5,'ES4612','http://www.edge-core.ru/ProdDtl.asp?sno=287&ES4612',12,'','','','',1,4,0,0,4),
  (173,3,23,'8612XL3','http://www.smc.com/en-global/products/product/60/0',12,'','','','',1,4,0,0,4),
  (174,3,9,'TL-SG5412F','http://www.tp-linkru.com/products/details/cat-39_TL-SG5412F.html',12,'','','','',1,4,0,0,4),
  (175,4,13,'LTP-4X ','http://eltex.nsk.ru/catalog/olt_ltp_4x.php',6,'','','eltex.snmp','',2,2,0,0,4),
  (176,3,6,'CCR1016-12G','http://routerboard.com/CCR1016-12G',12,'','','','',1,4,0,0,3),
  (177,3,6,'CCR1036-12G-4S','http://routerboard.com/CCR1036-12G-4S',12,'','','','',1,4,0,0,3),
  (178,3,6,'CCR1072-1G-8S+','http://routerboard.com/CCR1072-1G-8Splus',8,'','','','',1,2,0,0,4),
  (179,3,6,'RB1100AHx2','http://routerboard.com/RB1100AHx2',13,'','','','',1,5,0,0,3),
  (180,3,6,'RB260GS','http://routerboard.com/RB260GS',5,'','','','',1,5,0,0,3),
  (181,3,6,'RB800','http://routerboard.com/RB800',3,'','','','',1,3,0,0,3),
  (182,3,6,'RB411AH','http://routerboard.com/RB411AH',1,'','','','',1,1,0,0,1),
  (183,4,24,'EasyPath GFA6900','http://www.gwdelight.com/?product/lm/371/fid/15.html',4,'','','','',1,4,0,0,1),
  (184,4,24,'EasyPath GFA6900S','http://www.gwdelight.com/?product/lm/371/fid/17.html',12,'','','','',1,4,0,0,1),
  (185,1,22,'S2326TP-EI','http://shop.nag.ru/catalog/07363.Huawei/20165.Kommutatory-Fast-Ehernet-serii-S2300/07366.S2326TP-EI-AC',24,'','','','',2,4,1,0,1),
  (186,4,11,'P3616-2TE','http://lanmarket.ua/bdcom/bdcom-p3616-2te-2610/',16,'','','','',1,4,0,0,4),
  (187,3,6,'2011U','',10,'','','mikrotik.snmp','',1,5,0,0,1),
  (188,4,22,'MA5608','',8,'','','huawei_pon.snmp','',1,8,0,0,0),
  (189,4,12,'C200','',4,'','','zte.snmp','',1,0,0,0,0),
  (190,4,12,'C220','http://lanmarket.ua/zte/zte-zxa10-c220-kit-2612/',4,'','','zte.snmp','',1,4,0,0,0),
  (191,4,11,'P3608 ','http://deps.ua/ua/katalog/concentrators-olt/bdcom-p3600.html',8,'','','','',2,8,0,0,4),
  (192,1,10,'PowerConnect 3548','http://www.dell.com/support/home/ua/ru/uabsdt1/product-support/product/powerconnect-3548/manuals',48,'','','','',2,6,1,0,3),
  (193,2,16,'Rocket M5','http://www.ubnt.su/ubiquiti/rocket-m5.htm',1,'','','','',1,1,0,0,1),
  (194,4,22,'MA5680T','http://lanmarket.ua/huawei/huawei-smartax-5680t-2915/',128,'','','huawei_pon.snmp','',8,16,0,0,4),
  (195,1,2,'DGS-1100-10/ME','http://www.dlink.ru/ru/products/1/1976.html',8,'','','','',1,8,0,0,1),
  (196,3,5,'ES3510-28T','',24,'','','edgecore_ecs3510_28t.snmp','',2,8,1,0,1),
  (197,4,22,'MA5603T','http://mtk.com.ua/catalog/items/1534/print/',0,'','','huawei_pon.snmp','',1,0,0,0,1),
  (198,3,6,'CCR1036-8G-2S+','https://routerboard.com/CCR1036-8G-2Splus',8,'','','','',1,8,0,0,3),
  (199,4,13,'LTP-8X','http://eltex.nsk.ru/catalog/olt_ltp-8x_rev-b.php',8,'','','','',2,8,1,0,4),
  (200,6,1,'Catalyst WS-C3750G-12S-S','http://www.cisco.com/c/en/us/support/switches/catalyst-3750g-12s-switch/model.html',12,'','','','',1,4,0,0,3),
  (201,3,13,'MES2124F','http://eltex.nsk.ru/catalog/mes2124f.php',24,'','','','',2,4,1,0,1),
  (202,1,13,'MES2324FB','http://eltex.nsk.ru/catalog/mes2324fb.php',24,'','','','',2,4,0,0,4),
  (203,3,13,'MES3124F','http://eltex.nsk.ru/catalog/mes3124f.php',24,'','','','',2,8,0,0,4),
  (204,1,16,'ES‑16‑XG','https://www.ubnt.com/edgemax/edgeswitch-16-xg/',12,'','','','',2,6,1,0,4),
  (205,1,2,'DES-1210-28/ME','http://www.dlink.ru/ru/products/1/1617.html',24,'','','','',2,8,1,0,1),
  (206,1,2,'DGS-3000-10TC','http://www.dlink.ru/ru/products/1/2043.html',8,'','','','',2,8,1,0,1),
  (207,1,5,'ECS3510-28T','http://www.edge-core.com/productsInfo.php?cls=71&cls2=78&cls3=55&id=55',24,'','','','',2,4,0,0,4),
  (208,4,11,'P3310B','http://lanmarket.ua/bdcom/bdcom-p3310b-2608/',4,'','','','',1,4,0,0,2),
  (209,1,5,'ES3510','http://hotline.ua/computer-kommutatory/edge-core_es3510/',8,'','','','',1,8,0,0,1),
  (210,1,2,'DES-3200-10','http://www.dlink.ru/ru/products/1/1719.html',8,'','','','',2,4,0,0,1),
  (211,1,16,'TouchSwitch Pro','https://www.ubnt.com/accessories/toughswitch/',8,'','','','',1,4,0,0,1),
  (212,2,16,'PowerBeam 5AC 400','https://www.ubnt.com/airmax/powerbeam-ac-iso/',1,'','','','',1,1,0,0,1),
  (213,2,16,'NanoBridge M5','https://www.ubnt.com/airmax/nanobridgem/',1,'','','','',1,1,0,0,1),
  (214,2,16,'airFiber 5X','https://www.ubnt.com/airfiber/airfiberx/',1,'','','','',1,1,0,0,1),
  (215,2,16,'Rocket 5AC Lite','https://www.ubnt.com/airmax/rocket-ac/',1,'','','','',1,1,0,0,1),
  (216,1,10,'PowerConnect 3524','http://www.dell.com/support/home/product-support/product/powerconnect-3524/manuals',24,'','','','',2,6,1,0,1),
  (217,2,16,'PowerBeam M5 400','https://www.ubnt.com/airmax/powerbeam-ac-iso/',1,'','','','',1,1,0,0,1),
  (218,4,25,'ISCOM5508','https://www.raisecom.com/product/small-epon-olt',12,'','','','',2,4,0,0,4),
  (219, 3, 26, 'S2990G-24T', 'https://nag.ru/articles/article/26250/obzor-kommutatora-snr-s2990g-48t.html', 24, '', '', '', '', 2, 6, 0, 0, 3),
  (220, 3, 26, 'SNR-S2990G-24TX', 'https://nag.ru/articles/article/26250/obzor-kommutatora-snr-s2990g-48t.html', 24, '', '', '', '', 2, 6, 0, 0, 3),
  (221, 3, 26, 'SNR-S2990G-48T', 'https://nag.ru/articles/article/26250/obzor-kommutatora-snr-s2990g-48t.html', 48, '', '', '', '', 2, 6, 0, 0, 3);;

REPLACE INTO `equipment_extra_ports` (`model_id`, `port_number`, `port_type`, `state`, `row`)
VALUES
  (101, 1, 4, 0, 0), (101, 2, 3, 0, 0), (101, 3, 4, 0, 1), (101, 4, 3, 0, 1),
  (102, 1, 3, 0, 0), (102, 2, 2, 0, 0), (102, 3, 3, 0, 1), (102, 4, 2, 0, 1),
  (103, 1, 3, 0, 0), (103, 2, 3, 0, 0), (103, 3, 4, 0, 1), (103, 4, 4, 0, 1),
  (104, 1, 3, 0, 0), (104, 2, 3, 0, 0), (104, 3, 4, 0, 1), (104, 4, 4, 0, 1),
  (105, 1, 3, 0, 0), (105, 2, 3, 0, 0), (105, 3, 4, 0, 1), (105, 4, 4, 0, 1),
  (106, 1, 4, 0, 0), (106, 2, 4, 0, 0), (106, 3, 0, 0, 1), (106, 4, 0, 0, 1),
  (107, 1, 3, 0, 0), (107, 2, 0, 0, 0), (107, 3, 0, 0, 1), (107, 4, 4, 0, 1),
  (108, 1, 0, 0, 0), (108, 2, 0, 0, 0), (108, 3, 4, 0, 1), (108, 4, 4, 0, 1),
  (109, 1, 4, 0, 0), (109, 2, 4, 0, 0), (109, 3, 0, 0, 1), (109, 4, 0, 0, 1),
  (110, 1, 0, 0, 0), (110, 2, 0, 0, 0), (110, 3, 4, 0, 1), (110, 4, 4, 0, 1),
  (111, 1, 4, 0, 0), (111, 2, 4, 0, 0), (111, 3, 3, 0, 1), (111, 4, 3, 0, 1),
  (112, 1, 4, 0, 0), (112, 2, 4, 0, 0), (112, 3, 0, 0, 1), (112, 4, 0, 0, 1),
  (113, 1, 4, 0, 0), (113, 2, 4, 0, 0), (113, 3, 0, 0, 1), (113, 4, 0, 0, 1),
  (114, 1, 0, 0, 0), (114, 2, 0, 0, 0), (114, 3, 0, 0, 1), (114, 4, 0, 0, 1),
  (115, 1, 3, 0, 0), (115, 2, 4, 0, 0), (115, 3, 0, 0, 1), (115, 4, 0, 0, 1),
  (116, 1, 0, 0, 0), (116, 2, 0, 0, 0), (116, 3, 0, 0, 1), (116, 4, 0, 0, 1),
  (117, 1, 2, 0, 0), (117, 2, 2, 0, 0), (117, 3, 0, 0, 1), (117, 4, 0, 0, 1),
  (118, 1, 4, 0, 0), (118, 2, 4, 0, 0), (118, 3, 4, 0, 1), (118, 4, 4, 0, 1),
  (119, 1, 3, 0, 0), (119, 2, 3, 0, 0), (119, 3, 4, 0, 1), (119, 4, 4, 0, 1),
  (120, 1, 3, 0, 0), (120, 2, 3, 0, 0), (120, 3, 4, 0, 1), (120, 4, 4, 0, 1),
  (121, 1, 3, 0, 0), (121, 2, 3, 0, 0), (121, 3, 4, 0, 1), (121, 4, 4, 0, 1),
  (122, 1, 3, 0, 0), (122, 2, 3, 0, 0), (122, 3, 4, 0, 1), (122, 4, 4, 0, 1),
  (123, 1, 3, 0, 0), (123, 2, 3, 0, 0), (123, 3, 4, 0, 1), (123, 4, 4, 0, 1),
  (124, 1, 4, 0, 0), (124, 2, 4, 0, 0), (124, 3, 4, 0, 1), (124, 4, 4, 0, 1),
  (125, 1, 3, 0, 0), (125, 2, 4, 0, 0), (125, 3, 0, 0, 1), (125, 4, 0, 0, 1),
  (126, 1, 4, 0, 0), (126, 2, 4, 0, 0), (126, 3, 0, 0, 1), (126, 4, 0, 0, 1),
  (127, 1, 4, 0, 0), (127, 2, 3, 0, 0), (127, 3, 0, 0, 1), (127, 4, 0, 0, 1),
  (128, 1, 4, 0, 0), (128, 2, 2, 0, 0), (128, 3, 0, 0, 1), (128, 4, 0, 0, 1),
  (129, 1, 4, 0, 0), (129, 2, 2, 0, 0), (129, 3, 0, 0, 1), (129, 4, 0, 0, 1),
  (130, 1, 1, 0, 0), (130, 2, 2, 0, 0), (130, 3, 0, 0, 1), (130, 4, 0, 0, 1),
  (131, 1, 1, 0, 0), (131, 2, 1, 0, 0), (131, 3, 0, 0, 1), (131, 4, 0, 0, 1),
  (132, 1, 1, 0, 0), (132, 2, 2, 0, 0), (132, 3, 0, 0, 1), (132, 4, 0, 0, 1),
  (133, 1, 0, 0, 0), (133, 2, 0, 0, 0), (133, 3, 0, 0, 1), (133, 4, 0, 0, 1),
  (134, 1, 4, 0, 0), (134, 2, 4, 0, 0), (134, 3, 0, 0, 1), (134, 4, 0, 0, 1),
  (135, 1, 0, 0, 0), (135, 2, 0, 0, 0), (135, 3, 0, 0, 1), (135, 4, 0, 0, 1),
  (136, 1, 4, 0, 0), (136, 2, 0, 0, 0), (136, 3, 0, 0, 1), (136, 4, 0, 0, 1),
  (137, 1, 3, 0, 0), (137, 2, 3, 0, 0), (137, 3, 4, 0, 1), (137, 4, 4, 0, 1),
  (138, 1, 1, 0, 0), (138, 2, 0, 0, 0), (138, 3, 0, 0, 1), (138, 4, 0, 0, 1),
  (139, 1, 0, 0, 0), (139, 2, 0, 0, 0), (139, 3, 0, 0, 1), (139, 4, 0, 0, 1),
  (140, 1, 4, 0, 0), (140, 2, 4, 0, 0), (140, 3, 4, 0, 1), (140, 4, 4, 0, 1),
  (141, 1, 4, 0, 0), (141, 2, 4, 0, 0), (141, 3, 4, 0, 1), (141, 4, 4, 0, 1),
  (142, 1, 2, 0, 0), (142, 2, 0, 0, 0), (142, 3, 0, 0, 1), (142, 4, 0, 0, 1),
  (143, 1, 4, 0, 0), (143, 2, 4, 0, 0), (143, 3, 4, 0, 1), (143, 4, 4, 0, 1),
  (144, 1, 4, 0, 0), (144, 2, 4, 0, 0), (144, 3, 4, 0, 1), (144, 4, 4, 0, 1),
  (145, 1, 4, 0, 0), (145, 2, 4, 0, 0), (145, 3, 0, 0, 1), (145, 4, 0, 0, 1),
  (146, 1, 4, 0, 0), (146, 2, 4, 0, 0), (146, 3, 4, 0, 1), (146, 4, 4, 0, 1),
  (147, 1, 0, 0, 0), (147, 2, 0, 0, 0), (147, 3, 0, 0, 1), (147, 4, 0, 0, 1),
  (148, 1, 3, 0, 0), (148, 2, 3, 0, 0), (148, 3, 3, 0, 1), (148, 4, 3, 0, 1),
  (149, 1, 4, 0, 0), (149, 2, 4, 0, 0), (149, 3, 4, 0, 1), (149, 4, 4, 0, 1),
  (150, 1, 4, 0, 0), (150, 2, 4, 0, 0), (150, 3, 4, 0, 1), (150, 4, 4, 0, 1),
  (151, 1, 2, 0, 0), (151, 2, 2, 0, 0), (151, 3, 0, 0, 1), (151, 4, 0, 0, 1),
  (152, 1, 3, 0, 0), (152, 2, 3, 0, 0), (152, 3, 3, 0, 1), (152, 4, 3, 0, 1),
  (153, 1, 3, 0, 0), (153, 2, 3, 0, 0), (153, 3, 3, 0, 1), (153, 4, 3, 0, 1),
  (154, 1, 0, 0, 0), (154, 2, 0, 0, 0), (154, 3, 0, 0, 1), (154, 4, 0, 0, 1),
  (155, 1, 0, 0, 0), (155, 2, 0, 0, 0), (155, 3, 0, 0, 1), (155, 4, 0, 0, 1),
  (156, 1, 3, 0, 0), (156, 2, 3, 0, 0), (156, 3, 2, 0, 1), (156, 4, 2, 0, 1),
  (157, 1, 4, 0, 0), (157, 2, 4, 0, 0), (157, 3, 4, 0, 1), (157, 4, 4, 0, 1),
  (158, 1, 4, 0, 0), (158, 2, 4, 0, 0), (158, 3, 4, 0, 1), (158, 4, 4, 0, 1),
  (159, 1, 2, 0, 0), (159, 2, 2, 0, 0), (159, 3, 2, 0, 1), (159, 4, 2, 0, 1),
  (160, 1, 2, 0, 0), (160, 2, 2, 0, 0), (160, 3, 2, 0, 1), (160, 4, 2, 0, 1),
  (161, 1, 4, 0, 0), (161, 2, 0, 0, 0), (161, 3, 0, 0, 1), (161, 4, 0, 0, 1),
  (162, 1, 0, 0, 0), (162, 2, 0, 0, 0), (162, 3, 0, 0, 1), (162, 4, 0, 0, 1),
  (163, 1, 0, 0, 0), (163, 2, 0, 0, 0), (163, 3, 0, 0, 1), (163, 4, 0, 0, 1),
  (164, 1, 1, 0, 0), (164, 2, 1, 0, 0), (164, 3, 1, 0, 1), (164, 4, 1, 0, 1),
  (165, 1, 1, 0, 0), (165, 2, 0, 0, 0), (165, 3, 1, 0, 1), (165, 4, 0, 0, 1),
  (166, 1, 1, 0, 0), (166, 2, 1, 0, 0), (166, 3, 1, 0, 1), (166, 4, 1, 0, 1),
  (167, 1, 3, 0, 0), (167, 2, 3, 0, 0), (167, 3, 3, 0, 1), (167, 4, 3, 0, 1),
  (168, 1, 4, 0, 0), (168, 2, 4, 0, 0), (168, 3, 4, 0, 1), (168, 4, 4, 0, 1),
  (169, 1, 4, 0, 0), (169, 2, 4, 0, 0), (169, 3, 4, 0, 1), (169, 4, 4, 0, 1),
  (170, 1, 4, 0, 0), (170, 2, 4, 0, 0), (170, 3, 4, 0, 1), (170, 4, 4, 0, 1),
  (171, 1, 4, 0, 0), (171, 2, 4, 0, 0), (171, 3, 4, 0, 1), (171, 4, 4, 0, 1),
  (172, 1, 1, 0, 0), (172, 2, 1, 0, 0), (172, 3, 1, 0, 1), (172, 4, 1, 0, 1),
  (173, 1, 3, 0, 0), (173, 2, 3, 0, 0), (173, 3, 3, 0, 1), (173, 4, 3, 0, 1),
  (174, 1, 1, 0, 0), (174, 2, 1, 0, 0), (174, 3, 1, 0, 1), (174, 4, 1, 0, 1),
  (175, 1, 4, 0, 0), (175, 2, 4, 0, 0), (175, 3, 4, 0, 1), (175, 4, 4, 0, 1),
  (176, 1, 0, 0, 0), (176, 2, 0, 0, 0), (176, 3, 0, 0, 1), (176, 4, 0, 0, 1),
  (177, 1, 4, 0, 0), (177, 2, 4, 0, 0), (177, 3, 4, 0, 1), (177, 4, 4, 0, 1),
  (178, 1, 1, 0, 0), (178, 2, 0, 0, 0), (178, 3, 0, 0, 1), (178, 4, 0, 0, 1),
  (179, 1, 0, 0, 0), (179, 2, 0, 0, 0), (179, 3, 0, 0, 1), (179, 4, 0, 0, 1),
  (180, 1, 0, 0, 0), (180, 2, 0, 0, 0), (180, 3, 0, 0, 1), (180, 4, 0, 0, 1),
  (181, 1, 0, 0, 0), (181, 2, 0, 0, 0), (181, 3, 0, 0, 1), (181, 4, 0, 0, 1),
  (182, 1, 0, 0, 0), (182, 2, 0, 0, 0), (182, 3, 0, 0, 1), (182, 4, 0, 0, 1),
  (183, 1, 4, 0, 0), (183, 2, 4, 0, 0), (183, 3, 4, 0, 1), (183, 4, 4, 0, 1),
  (184, 1, 4, 0, 0), (184, 2, 4, 0, 0), (184, 3, 4, 0, 1), (184, 4, 4, 0, 1),
  (185, 1, 4, 0, 0), (185, 2, 4, 0, 1), (186, 6, 3, 0, 0), (187, 1, 4, 0, 0),
  (191, 1, 3, 0, 1), (191, 2, 3, 0, 1), (191, 3, 3, 0, 1), (191, 4, 3, 0, 1),
  (191, 5, 3, 0, 1), (191, 6, 3, 0, 1), (191, 7, 3, 0, 1), (191, 8, 3, 0, 1),
  (196, 1, 3, 0, 0), (196, 2, 3, 0, 1), (196, 3, 3, 0, 0), (196, 4, 3, 0, 1),
  (198, 1, 4, 0, 0), (198, 2, 4, 0, 0), (204, 1, 1, 0, 0), (204, 2, 1, 0, 0),
  (204, 3, 1, 0, 0), (204, 4, 1, 0, 0), (205, 1, 4, 0, 0), (205, 2, 4, 0, 0),
  (205, 3, 1, 0, 0), (205, 4, 1, 0, 0), (206, 1, 4, 0, 0), (206, 2, 4, 0, 0),
  (207, 1, 1, 0, 0), (207, 2, 1, 0, 1), (207, 3, 4, 0, 0), (207, 4, 4, 0, 1),
  (207, 5, 1, 0, 0), (207, 6, 1, 0, 1), (207, 7, 4, 0, 0), (207, 8, 4, 0, 1),
  (209, 1, 4, 0, 0), (209, 2, 4, 0, 0), (210, 1, 4, 0, 0), (210, 2, 4, 0, 0),
  (216, 1, 4, 0, 1), (216, 2, 4, 0, 1), (216, 3, 3, 0, 1), (216, 4, 3, 0, 1),
  (218, 1, 4, 0, 0), (218, 2, 4, 0, 0), (218, 3, 4, 0, 0), (218, 4, 4, 0, 0),
  (218, 5, 1, 0, 1), (218, 6, 1, 0, 1), (219, 1, 4, 0, 0), (219, 2, 4, 0, 0),
  (219, 3, 4, 0, 0), (219, 4, 4, 0, 0), (220, 1, 4, 0, 0), (220, 2, 4, 0, 0),
  (220, 3, 4, 0, 0), (220, 4, 4, 0, 0), (221, 1, 4, 0, 0), (221, 2, 4, 0, 0),
  (221, 3, 4, 0, 0), (221, 4, 4, 0, 0);;
  

REPLACE INTO `equipment_vendors` (`id`, `name`, `support`, `site`)
VALUES
  (1, 'Cisco', '', 'http://cisco.com'),
  (2, 'D-Link', '', 'http://www.dlink.ru/'),
  (3, 'Zyxel', '', 'http://zyxel.ru'),
  (4, 'Juniper', '', 'http://juniper.com'),
  (5, 'Edge-Core', '', 'http://www.edge-core.ru'),
  (6, 'Mikrotik', '', 'http://www.mikrotik.com'),
  (7, 'Ericsson', '', 'http://www.ericsson.com/ua'),
  (8, '3com', '', 'http://3com.com'),
  (9, 'TP-Link', '', 'http://www.tplink.com'),
  (10, 'Dell', '', 'http://www.dell.com'),
  (11, 'BDCOM', '', 'http://www.bdcom.com'),
  (12, 'ZTE', '', ''),
  (13, 'ELTEX', '', ''),
  (14, 'GWdelight', '', 'http://www.gwdelight.com'),
  (15, 'Ruckus', '', 'http://www.ruckuswireless.com/'),
  (16, 'Ubiquiti', '', 'https://www.ubnt.com/'),
  (17, 'Nortel', '', 'http://www.nortel.com/'),
  (18, 'H3C', '', 'http://www.h3c.com'),
  (19, 'Foundry Networks', '', ''),
  (20, 'Alcatel', '', ''),
  (21, 'Hewlett-Packard', '', ''),
  (22, 'Huawei', '', 'http://huawei.com/ru/'),
  (23, 'SMC', '', 'http://www.smc.com/'),
  (24, 'Gw Delight', '', 'http://www.gwdelight.com/'),
  (25, 'Raisecom', '', 'https://www.raisecom.com'),
  (26, 'SNR', '', '');


REPLACE INTO `equipment_types` (`id`, `name`)
VALUES
  (1, 'Switch'),
  (2, 'WiFi'),
  (3, 'Router'),
  (4, 'PON'),
  (5, 'Server'),
  (6, 'DOCSIS'),
  (7, 'Set-top box');
